,Encoded_floor
74238,0
22702,1
26514,2
32909,3
75067,4
161941,5
74294,6
26323,7
27615,8
24320,9
24977,10
20697,11
72301,12
16467,13
26439,14
22404,15
70834,16
24564,17
11264,18
76524,19
17001,20
18708,21
73483,22
26074,23
16577,24
14013,25
19095,26
127683,27
253322,28
43211,29
261410,30
133332,31
93074,32
60808,33
133454,34
18,35
65939,36
86765,37
277807,38
72793,39
33824,40
27781,41
19581,42
30353,43
88465,44
131098,45
22215,46
284639,47
229041,48
94341,49
245331,50
101027,51
130677,52
79588,53
118257,54
109083,55
92391,56
75967,57
197988,58
24232,59
262943,60
187867,61
297753,62
24034,63
110795,64
192469,65
20920,66
188863,67
9884,68
118374,69
8292,70
95465,71
17331,72
80443,73
18381,74
59721,75
51686,76
221936,77
21423,78
32116,79
1507,80
11743,81
21981,82
196536,83
160910,84
46622,85
27374,86
21155,87
301863,88
27079,89
5884,90
7387,91
48355,92
1974,93
349380,94
279428,95
188195,96
341435,97
155,98
210733,99
324654,100
337250,101
109351,102
11523,103
81225,104
362737,105
357521,106
10196,107
285102,108
347955,109
2430,110
11730,111
174927,112
23641,113
384301,114
11825,115
4434,116
210833,117
47786,118
33981,119
19813,120
7794,121
318925,122
220544,123
73732,124
3872,125
93406,126
247340,127
301273,128
81738,129
708,130
286352,131
17385,132
82943,133
89355,134
621,135
58798,136
219030,137
65322,138
4856,139
170927,140
364743,141
235273,142
336713,143
972,144
12464,145
44006,146
7018,147
245167,148
76226,149
70879,150
132278,151
220514,152
5131,153
310253,154
312101,155
325067,156
177595,157
62704,158
110,159
161657,160
326100,161
90393,162
331610,163
19086,164
5130,165
338246,166
6902,167
123378,168
153835,169
31028,170
83606,171
75453,172
197041,173
195724,174
4122,175
176747,176
197,177
3660,178
301017,179
256365,180
80396,181
196038,182
18877,183
1077,184
69347,185
381227,186
375,187
237624,188
169377,189
61319,190
106922,191
190043,192
83739,193
2719,194
252308,195
128663,196
8390,197
261322,198
147211,199
57661,200
50471,201
93114,202
99184,203
18452,204
325252,205
228971,206
89102,207
118584,208
28975,209
76203,210
348755,211
16287,212
32454,213
300,214
214438,215
17534,216
6187,217
200767,218
259076,219
248322,220
1805,221
130543,222
102438,223
17312,224
100030,225
56,226
1611,227
12508,228
84816,229
27410,230
347387,231
47370,232
57366,233
46948,234
29791,235
1680,236
21409,237
215467,238
15029,239
42831,240
18757,241
3948,242
21398,243
315960,244
12843,245
152829,246
186,247
77172,248
325126,249
185400,250
339203,251
14548,252
53282,253
258897,254
7764,255
254500,256
358620,257
33083,258
234154,259
45445,260
56629,261
78303,262
17516,263
31698,264
343410,265
122638,266
131417,267
53695,268
52008,269
382916,270
79164,271
74084,272
17596,273
52055,274
124127,275
252529,276
63981,277
75070,278
15387,279
137125,280
67232,281
1868,282
125830,283
22438,284
2132,285
16448,286
322197,287
52701,288
87766,289
93489,290
99550,291
383657,292
27147,293
262763,294
30030,295
133785,296
56006,297
39765,298
370761,299
47406,300
104879,301
71673,302
19288,303
3006,304
378612,305
118321,306
31303,307
240605,308
116391,309
77186,310
68842,311
295797,312
1914,313
950,314
236517,315
5566,316
2676,317
12036,318
4448,319
177806,320
135768,321
179155,322
106556,323
116420,324
27224,325
6047,326
3155,327
380811,328
4546,329
57333,330
333595,331
56612,332
143326,333
14700,334
267342,335
106330,336
370649,337
43182,338
40062,339
83337,340
21042,341
262930,342
39095,343
259163,344
74905,345
466,346
118762,347
52643,348
98352,349
159428,350
106375,351
39286,352
1055,353
6587,354
14270,355
217064,356
193048,357
227823,358
254730,359
133545,360
70076,361
224105,362
77371,363
257662,364
347692,365
82105,366
58495,367
19433,368
11991,369
183641,370
30618,371
338368,372
16666,373
163969,374
40446,375
11955,376
45243,377
32760,378
5372,379
11863,380
356890,381
294339,382
652,383
256257,384
4451,385
4435,386
124143,387
40075,388
276318,389
360440,390
7982,391
336237,392
221520,393
40961,394
44820,395
35543,396
96760,397
90809,398
342462,399
20854,400
333169,401
33904,402
257056,403
176628,404
28470,405
302954,406
26847,407
222532,408
51700,409
331922,410
79894,411
66880,412
11468,413
1327,414
25426,415
382,416
16433,417
142535,418
11053,419
85478,420
249331,421
29866,422
58992,423
1119,424
858,425
1101,426
62,427
3276,428
11645,429
357,430
40139,431
3616,432
18576,433
74671,434
5228,435
1693,436
35090,437
2447,438
1892,439
349398,440
4628,441
77508,442
67700,443
14797,444
192239,445
180259,446
64864,447
44993,448
31220,449
66924,450
109277,451
131626,452
32940,453
129,454
490,455
13053,456
5086,457
9705,458
7439,459
24341,460
2517,461
3810,462
16849,463
49180,464
14582,465
20147,466
2106,467
1866,468
135234,469
56273,470
22357,471
176999,472
256379,473
220741,474
84630,475
126169,476
16549,477
343774,478
1729,479
110889,480
93219,481
352807,482
18773,483
37205,484
84852,485
169960,486
364532,487
13127,488
28923,489
226019,490
47094,491
29846,492
373978,493
52268,494
357043,495
309525,496
347452,497
1159,498
59203,499
42543,500
375737,501
1528,502
46687,503
47665,504
45478,505
142492,506
69110,507
103103,508
253701,509
33241,510
69902,511
3527,512
3618,513
44382,514
2014,515
218932,516
627,517
44042,518
9156,519
1967,520
65692,521
52972,522
1959,523
184260,524
39098,525
15125,526
315900,527
156991,528
249076,529
97188,530
7001,531
2548,532
31886,533
55393,534
314576,535
114830,536
370990,537
359844,538
56845,539
51042,540
275974,541
423,542
24131,543
36549,544
27807,545
24585,546
112152,547
103190,548
2622,549
2144,550
145557,551
16901,552
10922,553
51608,554
100679,555
13107,556
142294,557
153148,558
333515,559
260530,560
276342,561
14615,562
74532,563
32527,564
153761,565
44688,566
40821,567
13130,568
244301,569
8201,570
21966,571
301983,572
119527,573
61855,574
124511,575
92840,576
1523,577
165999,578
1812,579
196255,580
3359,581
13081,582
655,583
34127,584
541,585
3436,586
150633,587
217,588
70136,589
66808,590
75429,591
18226,592
377592,593
2659,594
351660,595
7907,596
5808,597
144045,598
351735,599
369,600
156419,601
15395,602
50711,603
165700,604
2942,605
376974,606
4027,607
322106,608
37433,609
18787,610
40281,611
17823,612
47953,613
22845,614
14688,615
22415,616
2173,617
29652,618
111211,619
146857,620
42537,621
13917,622
98463,623
44800,624
185156,625
145941,626
105944,627
293234,628
85375,629
9994,630
153348,631
4902,632
90968,633
4627,634
97005,635
138359,636
10676,637
19082,638
338997,639
170246,640
1142,641
178210,642
27904,643
201121,644
92958,645
34224,646
19531,647
21060,648
4650,649
4288,650
335460,651
350730,652
102323,653
9811,654
231045,655
63419,656
22930,657
145354,658
105797,659
12638,660
42642,661
5355,662
305858,663
357360,664
290033,665
12735,666
25592,667
86978,668
10097,669
59201,670
239000,671
1926,672
30171,673
81887,674
11726,675
288244,676
6622,677
239304,678
111897,679
39535,680
24065,681
70220,682
20071,683
3667,684
166344,685
7914,686
232874,687
31659,688
80,689
158960,690
84592,691
301765,692
21061,693
251397,694
39276,695
296596,696
230200,697
319093,698
213886,699
183366,700
10041,701
86341,702
115614,703
357222,704
20525,705
93231,706
174695,707
304710,708
143636,709
19520,710
70045,711
323960,712
222032,713
70563,714
44141,715
1290,716
28705,717
56689,718
143221,719
1532,720
20414,721
9734,722
52086,723
52504,724
58222,725
142020,726
166897,727
138927,728
6165,729
3422,730
281192,731
275779,732
13132,733
10084,734
93995,735
25651,736
12812,737
86,738
36051,739
133289,740
299796,741
47690,742
24070,743
12928,744
40103,745
130879,746
11510,747
535,748
50174,749
22715,750
6384,751
202303,752
298657,753
67445,754
7733,755
62780,756
129278,757
157983,758
385072,759
255720,760
149169,761
118925,762
17888,763
200068,764
94002,765
92484,766
131354,767
29076,768
64046,769
86710,770
289781,771
36397,772
298390,773
148745,774
364233,775
19817,776
13395,777
2262,778
1430,779
1497,780
1898,781
100469,782
311069,783
35870,784
132096,785
72914,786
143,787
122,788
2263,789
1313,790
5095,791
65502,792
4206,793
77479,794
1949,795
15513,796
19072,797
16307,798
8945,799
4687,800
206317,801
1491,802
16408,803
2302,804
207,805
441,806
33764,807
218277,808
158614,809
23,810
459,811
51819,812
21684,813
45710,814
44859,815
2047,816
8159,817
10610,818
11233,819
14666,820
60777,821
434,822
32,823
1795,824
476,825
243,826
3320,827
3910,828
13649,829
590,830
691,831
1503,832
1168,833
623,834
33,835
71,836
182780,837
141018,838
39403,839
276585,840
244863,841
151404,842
1548,843
235138,844
78072,845
292369,846
28670,847
208802,848
205433,849
13567,850
46953,851
103560,852
84573,853
45822,854
11934,855
361844,856
265293,857
309763,858
208916,859
16838,860
23398,861
27109,862
272554,863
177325,864
368091,865
14081,866
190679,867
34925,868
91929,869
17190,870
89505,871
77389,872
17502,873
297717,874
353113,875
299137,876
159309,877
86505,878
46005,879
22038,880
235599,881
10105,882
11300,883
14578,884
373433,885
239036,886
60046,887
69611,888
174963,889
236758,890
335,891
103295,892
14106,893
38181,894
58357,895
345094,896
84385,897
105106,898
76855,899
626,900
4715,901
755,902
10121,903
9069,904
1418,905
1968,906
45037,907
1767,908
1169,909
253,910
169,911
54,912
1806,913
116,914
128,915
63,916
792,917
664,918
341,919
10,920
224,921
41527,922
63862,923
43589,924
369339,925
7258,926
142605,927
4294,928
160081,929
260340,930
79188,931
25669,932
52871,933
3937,934
8124,935
157617,936
268916,937
64524,938
22655,939
131789,940
324994,941
24124,942
38671,943
162480,944
47448,945
101094,946
73396,947
171880,948
127705,949
202887,950
5678,951
233064,952
175689,953
153104,954
26164,955
259466,956
20844,957
59995,958
70077,959
69990,960
139023,961
66132,962
26443,963
287783,964
56383,965
133435,966
30002,967
170865,968
216494,969
8127,970
256849,971
358605,972
14550,973
89409,974
9186,975
229881,976
43539,977
115187,978
163962,979
149170,980
109917,981
155041,982
8403,983
195731,984
10334,985
250597,986
146838,987
231999,988
98181,989
37367,990
343691,991
202107,992
21860,993
261737,994
136,995
40404,996
25598,997
80833,998
265237,999
157164,1000
22952,1001
116041,1002
180567,1003
115153,1004
154999,1005
11459,1006
45404,1007
114160,1008
77436,1009
99228,1010
14876,1011
138738,1012
10023,1013
25235,1014
191852,1015
4418,1016
121048,1017
54801,1018
21707,1019
52902,1020
60850,1021
9139,1022
112492,1023
205,1024
47115,1025
40386,1026
79957,1027
17000,1028
193685,1029
20965,1030
27902,1031
115281,1032
76891,1033
266319,1034
2574,1035
13344,1036
122549,1037
180437,1038
1104,1039
8838,1040
109216,1041
60414,1042
108822,1043
150423,1044
8567,1045
252,1046
173,1047
3890,1048
3720,1049
73726,1050
17191,1051
141010,1052
201,1053
287674,1054
299670,1055
304411,1056
367078,1057
305290,1058
365707,1059
147766,1060
32215,1061
11297,1062
21517,1063
1726,1064
1517,1065
6334,1066
10615,1067
75274,1068
12908,1069
64714,1070
100274,1071
206836,1072
6018,1073
200718,1074
15767,1075
6707,1076
296254,1077
127131,1078
3195,1079
69358,1080
92207,1081
13220,1082
71923,1083
9600,1084
12980,1085
16,1086
62560,1087
124334,1088
293945,1089
5767,1090
206519,1091
250455,1092
208508,1093
665,1094
49,1095
1128,1096
4147,1097
8406,1098
24190,1099
1853,1100
89,1101
16353,1102
18306,1103
8543,1104
11994,1105
28589,1106
48,1107
15,1108
192,1109
75,1110
432,1111
342,1112
3975,1113
223,1114
14,1115
1120,1116
1248,1117
204,1118
1251,1119
153,1120
65941,1121
244195,1122
29090,1123
325683,1124
123494,1125
13781,1126
276285,1127
50170,1128
135327,1129
140845,1130
49239,1131
112915,1132
12333,1133
69998,1134
165139,1135
173204,1136
110610,1137
2859,1138
25748,1139
23801,1140
81850,1141
27100,1142
64396,1143
4653,1144
14837,1145
138635,1146
10296,1147
82078,1148
222273,1149
90404,1150
52220,1151
104757,1152
99258,1153
101591,1154
172017,1155
194910,1156
341284,1157
31800,1158
74873,1159
118486,1160
27255,1161
34297,1162
38548,1163
14441,1164
156756,1165
118902,1166
133659,1167
1621,1168
506,1169
1857,1170
1039,1171
18136,1172
498,1173
24798,1174
26030,1175
22285,1176
17350,1177
3661,1178
544,1179
119,1180
499,1181
260,1182
396,1183
123,1184
1018,1185
474,1186
681,1187
259,1188
16771,1189
67673,1190
76117,1191
36413,1192
246090,1193
187374,1194
114967,1195
58772,1196
83547,1197
247885,1198
22256,1199
164194,1200
3304,1201
241629,1202
1042,1203
8011,1204
7604,1205
12269,1206
1387,1207
24553,1208
706,1209
11127,1210
2456,1211
273430,1212
180911,1213
122164,1214
107530,1215
30179,1216
10469,1217
24304,1218
4548,1219
12489,1220
335306,1221
209722,1222
25408,1223
2731,1224
8784,1225
154675,1226
368632,1227
259656,1228
80778,1229
38560,1230
129965,1231
40649,1232
39119,1233
32687,1234
73639,1235
33044,1236
187563,1237
286888,1238
251248,1239
4673,1240
5058,1241
23188,1242
686,1243
8334,1244
8184,1245
3362,1246
4321,1247
8870,1248
188681,1249
115061,1250
177586,1251
193744,1252
3628,1253
10656,1254
72215,1255
140961,1256
18936,1257
157909,1258
132168,1259
1404,1260
44496,1261
60322,1262
164166,1263
121739,1264
10513,1265
9291,1266
62306,1267
16561,1268
144325,1269
54107,1270
132851,1271
8012,1272
8032,1273
50728,1274
10283,1275
27809,1276
5114,1277
10181,1278
1306,1279
3116,1280
75194,1281
6315,1282
79213,1283
283360,1284
67672,1285
2652,1286
25718,1287
7800,1288
44896,1289
10645,1290
1986,1291
137109,1292
3876,1293
6082,1294
7650,1295
34374,1296
19159,1297
33234,1298
194982,1299
30231,1300
20428,1301
6095,1302
7029,1303
2510,1304
144982,1305
194600,1306
255656,1307
15738,1308
2286,1309
126709,1310
34170,1311
232189,1312
12194,1313
25227,1314
10320,1315
5730,1316
293743,1317
18830,1318
76516,1319
286862,1320
21655,1321
18141,1322
22020,1323
15736,1324
40350,1325
114734,1326
71595,1327
70480,1328
12022,1329
26182,1330
35691,1331
38591,1332
17741,1333
150830,1334
251055,1335
13975,1336
1723,1337
9672,1338
921,1339
15993,1340
24735,1341
5681,1342
33561,1343
337495,1344
70156,1345
30035,1346
222738,1347
32127,1348
37569,1349
113332,1350
21046,1351
8077,1352
305344,1353
136002,1354
1034,1355
13261,1356
1038,1357
11760,1358
1958,1359
1870,1360
14622,1361
3014,1362
1343,1363
3338,1364
43984,1365
8858,1366
16919,1367
109420,1368
54471,1369
1229,1370
7417,1371
161736,1372
127370,1373
90231,1374
203794,1375
264673,1376
7107,1377
317012,1378
307465,1379
77897,1380
2507,1381
26881,1382
3462,1383
3930,1384
177577,1385
97048,1386
262768,1387
144890,1388
744,1389
25501,1390
7667,1391
43600,1392
178613,1393
321,1394
128219,1395
201915,1396
28885,1397
268825,1398
7625,1399
80774,1400
15242,1401
142112,1402
198653,1403
95720,1404
101326,1405
193664,1406
136625,1407
245134,1408
2068,1409
205243,1410
61351,1411
378546,1412
162000,1413
34542,1414
73308,1415
264134,1416
3557,1417
33033,1418
45657,1419
27413,1420
115272,1421
252278,1422
25117,1423
116114,1424
10631,1425
343154,1426
6210,1427
34468,1428
104113,1429
8623,1430
38954,1431
100854,1432
149256,1433
60884,1434
241494,1435
121372,1436
366,1437
74568,1438
2852,1439
168942,1440
699,1441
1182,1442
7606,1443
145,1444
119438,1445
8224,1446
269668,1447
9107,1448
41325,1449
57673,1450
31,1451
308197,1452
303393,1453
296251,1454
313043,1455
296877,1456
135663,1457
35609,1458
22594,1459
40880,1460
10771,1461
346896,1462
14833,1463
4036,1464
46996,1465
47766,1466
20630,1467
20220,1468
99078,1469
30562,1470
21741,1471
1401,1472
38330,1473
22843,1474
93785,1475
1783,1476
109342,1477
2695,1478
143282,1479
12658,1480
207929,1481
40028,1482
6013,1483
50962,1484
74524,1485
207298,1486
44507,1487
4995,1488
1190,1489
106938,1490
2,1491
27166,1492
297164,1493
27900,1494
34394,1495
277635,1496
34910,1497
228208,1498
494,1499
657,1500
712,1501
17363,1502
12902,1503
20293,1504
181,1505
11435,1506
35111,1507
449,1508
764,1509
3025,1510
303,1511
50,1512
1469,1513
182,1514
175,1515
1873,1516
514,1517
1058,1518
93,1519
6,1520
3755,1521
2583,1522
898,1523
20,1524
9,1525
252228,1526
150371,1527
330090,1528
73599,1529
153503,1530
124307,1531
91438,1532
26254,1533
78979,1534
35343,1535
11208,1536
13430,1537
15170,1538
14803,1539
12144,1540
100409,1541
18749,1542
82457,1543
8687,1544
64484,1545
1254,1546
103194,1547
119767,1548
931,1549
179822,1550
104771,1551
43551,1552
293383,1553
228005,1554
4748,1555
143531,1556
6212,1557
342678,1558
287848,1559
29043,1560
184372,1561
294539,1562
28789,1563
50968,1564
86861,1565
35838,1566
59783,1567
181349,1568
17945,1569
91953,1570
128494,1571
8693,1572
112582,1573
70,1574
69536,1575
14835,1576
15835,1577
13120,1578
87289,1579
267780,1580
347324,1581
324617,1582
307844,1583
363662,1584
302803,1585
307517,1586
300694,1587
28954,1588
53866,1589
68519,1590
10106,1591
63357,1592
37833,1593
325389,1594
27063,1595
115159,1596
8062,1597
208091,1598
233249,1599
15269,1600
179574,1601
7168,1602
166556,1603
28717,1604
38357,1605
184421,1606
61,1607
43217,1608
108752,1609
25515,1610
12010,1611
108751,1612
287442,1613
132842,1614
372,1615
731,1616
763,1617
3731,1618
5350,1619
2022,1620
7623,1621
54012,1622
28076,1623
1305,1624
1753,1625
19,1626
53,1627
194,1628
41,1629
246,1630
907,1631
438,1632
463,1633
1663,1634
270,1635
1096,1636
331,1637
504,1638
121983,1639
141549,1640
102469,1641
32461,1642
205798,1643
76179,1644
917,1645
164928,1646
24163,1647
107091,1648
225279,1649
300254,1650
198247,1651
54818,1652
267,1653
1,1654
859,1655
25,1656
61828,1657
138765,1658
3,1659
11,1660
18574,1661
2001,1662
190606,1663
8139,1664
12167,1665
122732,1666
72479,1667
146781,1668
4,1669
77685,1670
251153,1671
277789,1672
17010,1673
69763,1674
264367,1675
44797,1676
26775,1677
216166,1678
15037,1679
45367,1680
9318,1681
119085,1682
279342,1683
303460,1684
122462,1685
39673,1686
42654,1687
115940,1688
170079,1689
20248,1690
105738,1691
132229,1692
177343,1693
77213,1694
171681,1695
25835,1696
114807,1697
33150,1698
48883,1699
13108,1700
385511,1701
359113,1702
331943,1703
298721,1704
210252,1705
28292,1706
19098,1707
36794,1708
5322,1709
383216,1710
21889,1711
98439,1712
379266,1713
53537,1714
181066,1715
23149,1716
15392,1717
142584,1718
268440,1719
18072,1720
521,1721
213,1722
765,1723
1824,1724
4049,1725
3508,1726
451,1727
101019,1728
7121,1729
1167,1730
3630,1731
461,1732
370,1733
2820,1734
1472,1735
435,1736
22,1737
220,1738
74,1739
525,1740
550,1741
60,1742
38546,1743
48528,1744
8267,1745
281409,1746
58790,1747
73709,1748
2152,1749
159319,1750
186749,1751
332008,1752
16423,1753
299607,1754
289085,1755
80551,1756
96776,1757
162051,1758
34121,1759
39462,1760
116377,1761
53116,1762
349744,1763
241992,1764
10238,1765
24924,1766
146544,1767
20183,1768
168286,1769
96673,1770
281801,1771
314182,1772
161923,1773
8034,1774
163655,1775
86145,1776
8041,1777
105655,1778
25772,1779
165824,1780
188309,1781
85942,1782
296154,1783
349685,1784
296169,1785
307842,1786
295100,1787
348981,1788
329871,1789
13770,1790
152991,1791
15490,1792
121073,1793
74232,1794
127547,1795
112775,1796
5760,1797
35140,1798
268933,1799
20496,1800
262278,1801
10098,1802
23286,1803
104654,1804
16827,1805
127961,1806
117817,1807
82418,1808
48450,1809
68,1810
12445,1811
108768,1812
194425,1813
18798,1814
108766,1815
64603,1816
56645,1817
132843,1818
1258,1819
1130,1820
29393,1821
15296,1822
19873,1823
7731,1824
4345,1825
2123,1826
12398,1827
8170,1828
8424,1829
156258,1830
365,1831
158,1832
936,1833
981,1834
1103,1835
1143,1836
17,1837
520,1838
8,1839
943,1840
269,1841
112,1842
54275,1843
17786,1844
129974,1845
71892,1846
96208,1847
219845,1848
325245,1849
32912,1850
193966,1851
125503,1852
7978,1853
3845,1854
274199,1855
72657,1856
287750,1857
46893,1858
75019,1859
303136,1860
14046,1861
75180,1862
1266,1863
47708,1864
288332,1865
154138,1866
369292,1867
107140,1868
127941,1869
188152,1870
242620,1871
9813,1872
59824,1873
72192,1874
358923,1875
96,1876
10059,1877
65684,1878
18934,1879
157322,1880
5402,1881
99328,1882
248,1883
1089,1884
5249,1885
5843,1886
1975,1887
7394,1888
6793,1889
4534,1890
4400,1891
4260,1892
228,1893
4459,1894
108,1895
684,1896
95,1897
497,1898
516,1899
458,1900
903,1901
102146,1902
28287,1903
278740,1904
145763,1905
236782,1906
28007,1907
114316,1908
71250,1909
267037,1910
17179,1911
18234,1912
50607,1913
16318,1914
46199,1915
61412,1916
277352,1917
219955,1918
811,1919
13174,1920
4304,1921
24352,1922
2161,1923
20438,1924
22700,1925
4651,1926
2884,1927
386,1928
90,1929
595,1930
10330,1931
21529,1932
82183,1933
226238,1934
37922,1935
241115,1936
25638,1937
280346,1938
218000,1939
203103,1940
53717,1941
10939,1942
85876,1943
106812,1944
225568,1945
157221,1946
138637,1947
193549,1948
221385,1949
100413,1950
223931,1951
12873,1952
6832,1953
98808,1954
26214,1955
377373,1956
184448,1957
101011,1958
227957,1959
1393,1960
5220,1961
4253,1962
387,1963
436,1964
4813,1965
2625,1966
987,1967
3491,1968
2715,1969
58,1970
189,1971
1358,1972
1672,1973
3602,1974
101,1975
353,1976
4925,1977
74552,1978
139835,1979
7654,1980
378445,1981
237223,1982
112968,1983
51179,1984
30978,1985
57838,1986
180251,1987
4591,1988
31562,1989
19825,1990
266172,1991
167590,1992
3303,1993
134472,1994
1118,1995
51856,1996
5668,1997
31517,1998
3598,1999
9951,2000
5953,2001
10849,2002
772,2003
5664,2004
637,2005
81371,2006
98429,2007
189801,2008
26569,2009
116792,2010
323634,2011
288610,2012
689,2013
42655,2014
18277,2015
354539,2016
33528,2017
36130,2018
1237,2019
2259,2020
314006,2021
137295,2022
2977,2023
281561,2024
52854,2025
305966,2026
175295,2027
314900,2028
74705,2029
93702,2030
20825,2031
103755,2032
79131,2033
5657,2034
95843,2035
1405,2036
277334,2037
300609,2038
41725,2039
120760,2040
15166,2041
1121,2042
1094,2043
495,2044
216,2045
2272,2046
1670,2047
707,2048
199,2049
1211,2050
2699,2051
1023,2052
1389,2053
222,2054
460,2055
274,2056
1733,2057
855,2058
295,2059
249063,2060
7881,2061
169516,2062
10421,2063
244462,2064
155956,2065
11608,2066
24252,2067
63501,2068
151354,2069
513,2070
334512,2071
215975,2072
202665,2073
160799,2074
150663,2075
101224,2076
110953,2077
126387,2078
76493,2079
64127,2080
83061,2081
1745,2082
2709,2083
4903,2084
3071,2085
810,2086
18268,2087
14891,2088
3805,2089
2571,2090
796,2091
414,2092
1324,2093
1380,2094
73,2095
265,2096
160384,2097
84026,2098
20099,2099
383645,2100
150319,2101
32777,2102
348608,2103
228687,2104
58625,2105
4580,2106
191961,2107
32889,2108
8855,2109
161014,2110
250073,2111
780,2112
10737,2113
1637,2114
7216,2115
502,2116
5977,2117
41839,2118
43501,2119
454,2120
388,2121
3611,2122
527,2123
39711,2124
31718,2125
352335,2126
15290,2127
22674,2128
15728,2129
64595,2130
375781,2131
269406,2132
24292,2133
37828,2134
135029,2135
21200,2136
59051,2137
89001,2138
55791,2139
131393,2140
1073,2141
1090,2142
539,2143
31516,2144
1879,2145
4351,2146
325,2147
2910,2148
1533,2149
7983,2150
5615,2151
779,2152
1281,2153
2552,2154
18176,2155
172461,2156
10120,2157
26033,2158
163510,2159
19386,2160
207723,2161
143066,2162
3817,2163
25517,2164
183286,2165
139580,2166
263715,2167
82740,2168
264562,2169
52440,2170
275749,2171
69158,2172
32515,2173
9280,2174
3028,2175
30554,2176
148519,2177
133921,2178
1115,2179
219,2180
8848,2181
1960,2182
3070,2183
7190,2184
14904,2185
4753,2186
735,2187
2623,2188
1054,2189
524,2190
952,2191
732,2192
134,2193
1933,2194
60313,2195
303574,2196
139845,2197
17081,2198
180667,2199
87530,2200
109024,2201
25876,2202
60010,2203
279788,2204
61427,2205
321873,2206
71182,2207
37581,2208
18429,2209
162787,2210
195920,2211
32608,2212
22620,2213
5751,2214
108349,2215
112848,2216
22589,2217
17188,2218
71696,2219
253593,2220
104353,2221
345420,2222
317766,2223
27695,2224
361757,2225
92658,2226
109742,2227
358356,2228
25673,2229
101339,2230
261746,2231
71522,2232
202769,2233
53538,2234
16759,2235
108779,2236
100218,2237
157250,2238
43201,2239
139888,2240
132240,2241
1044,2242
12261,2243
294,2244
28290,2245
1863,2246
3971,2247
37645,2248
11779,2249
3394,2250
67,2251
178,2252
2913,2253
51,2254
2058,2255
44,2256
1708,2257
4803,2258
348,2259
215,2260
72,2261
33169,2262
336573,2263
217077,2264
12600,2265
9414,2266
109924,2267
260138,2268
173838,2269
56497,2270
8599,2271
148336,2272
24128,2273
250687,2274
4380,2275
279882,2276
93867,2277
13614,2278
160203,2279
65551,2280
100548,2281
269298,2282
80742,2283
23406,2284
114,2285
360921,2286
7253,2287
39832,2288
148993,2289
196602,2290
73029,2291
2464,2292
22258,2293
175669,2294
112711,2295
165704,2296
237140,2297
225295,2298
190790,2299
15152,2300
7904,2301
314860,2302
194594,2303
3411,2304
99486,2305
138757,2306
96226,2307
8153,2308
1691,2309
4376,2310
29133,2311
743,2312
281316,2313
27082,2314
8685,2315
368215,2316
278509,2317
945,2318
65033,2319
3615,2320
22923,2321
260129,2322
291313,2323
9954,2324
83913,2325
194086,2326
9201,2327
131237,2328
181304,2329
76010,2330
117470,2331
370128,2332
105544,2333
2307,2334
239429,2335
168112,2336
170838,2337
162171,2338
61295,2339
1004,2340
325974,2341
475,2342
87047,2343
13759,2344
40730,2345
17728,2346
149241,2347
30286,2348
0,2349
350899,2350
301275,2351
296726,2352
291034,2353
336016,2354
147901,2355
320731,2356
31969,2357
122747,2358
32995,2359
161786,2360
1838,2361
241535,2362
99774,2363
247909,2364
85688,2365
80797,2366
157050,2367
62887,2368
365773,2369
29113,2370
76967,2371
253306,2372
11036,2373
336192,2374
14339,2375
1690,2376
236,2377
79037,2378
14924,2379
51114,2380
9783,2381
21292,2382
233708,2383
125,2384
1112,2385
770,2386
584,2387
6681,2388
2823,2389
4543,2390
42523,2391
10408,2392
4578,2393
4587,2394
12,2395
69,2396
154,2397
83,2398
2598,2399
38,2400
1468,2401
76,2402
409,2403
1788,2404
21,2405
66,2406
782,2407
345305,2408
330749,2409
318835,2410
50989,2411
36,2412
172839,2413
252388,2414
121656,2415
187666,2416
255781,2417
39037,2418
28411,2419
345220,2420
51668,2421
39796,2422
228520,2423
35,2424
178064,2425
57317,2426
15586,2427
81479,2428
88302,2429
1591,2430
8733,2431
16040,2432
383728,2433
2421,2434
5046,2435
2799,2436
2299,2437
6914,2438
87,2439
27325,2440
5636,2441
33828,2442
41753,2443
4714,2444
13167,2445
512,2446
11865,2447
43841,2448
19281,2449
255750,2450
221852,2451
165438,2452
87849,2453
346722,2454
34464,2455
312515,2456
50372,2457
327894,2458
28653,2459
91527,2460
172625,2461
1470,2462
63249,2463
364120,2464
16486,2465
94006,2466
1985,2467
53047,2468
46693,2469
224977,2470
77406,2471
208791,2472
33338,2473
186452,2474
95319,2475
229638,2476
93094,2477
47778,2478
277643,2479
219698,2480
16410,2481
149569,2482
276756,2483
236304,2484
13722,2485
247806,2486
80576,2487
21850,2488
62183,2489
202347,2490
1176,2491
6867,2492
123741,2493
358431,2494
674,2495
988,2496
2167,2497
2352,2498
99313,2499
41688,2500
9484,2501
315865,2502
14682,2503
3829,2504
879,2505
2614,2506
97152,2507
154958,2508
180531,2509
5587,2510
137549,2511
126233,2512
223889,2513
237122,2514
310729,2515
108935,2516
68009,2517
134658,2518
138629,2519
40389,2520
5101,2521
27755,2522
114374,2523
66897,2524
28160,2525
153426,2526
16793,2527
382935,2528
9578,2529
73281,2530
106523,2531
150,2532
40593,2533
126436,2534
94798,2535
70244,2536
137871,2537
269399,2538
55280,2539
2503,2540
193498,2541
68940,2542
228062,2543
190889,2544
88406,2545
136199,2546
228531,2547
81949,2548
156812,2549
71990,2550
191211,2551
23465,2552
105711,2553
6213,2554
68032,2555
90365,2556
41146,2557
115682,2558
108738,2559
71157,2560
2485,2561
280734,2562
185363,2563
194040,2564
282838,2565
209015,2566
214275,2567
125632,2568
219493,2569
54697,2570
203892,2571
76401,2572
180721,2573
193394,2574
117649,2575
53852,2576
255639,2577
280119,2578
72875,2579
29752,2580
98132,2581
161468,2582
95239,2583
89970,2584
129506,2585
54089,2586
96473,2587
87046,2588
115988,2589
602,2590
1758,2591
3874,2592
44943,2593
203402,2594
2793,2595
100775,2596
826,2597
271242,2598
786,2599
120285,2600
28690,2601
270942,2602
191819,2603
9487,2604
88663,2605
6103,2606
63997,2607
1207,2608
40583,2609
100422,2610
206764,2611
83467,2612
124451,2613
314807,2614
1074,2615
79874,2616
88073,2617
89444,2618
193160,2619
208021,2620
285960,2621
42181,2622
29084,2623
263681,2624
98892,2625
225628,2626
184736,2627
153205,2628
276928,2629
120925,2630
264196,2631
52549,2632
161946,2633
35110,2634
38315,2635
172620,2636
206480,2637
18875,2638
200563,2639
157528,2640
107689,2641
115527,2642
180739,2643
68764,2644
187099,2645
1359,2646
109417,2647
12009,2648
384,2649
149677,2650
99972,2651
123591,2652
188098,2653
4501,2654
226729,2655
8969,2656
103617,2657
36870,2658
17857,2659
156252,2660
107240,2661
16773,2662
76345,2663
364069,2664
298484,2665
117975,2666
